9e73398e-2dfb-45e5-bedb-97e4f8ac2191	[1, 23)
37af9237-0570-4b5c-b0f8-0dcb67fb64e4	[23, 54)
5baf1494-4a57-466f-89aa-0ed284b50049	[54, 132)
cfc26a10-565c-4907-9877-07fd89e70621	[132, 136)
2fe0ff22-7c92-4e58-b7db-4b4ade7c215d	[136, 385)
8b0d2779-aa91-4b7d-901b-7b1b3d70f513	[385, 487)
b3b355b2-98e6-4810-bfeb-f9851d1c05b4	[487, 597)
0a4671f9-a96b-4b1d-949c-752d6ce08ce8	[597, 634)
0379ccdd-13e5-4ee0-912f-9f525d44d91c	[634, 743)
f596f8d5-f8c2-4eba-b860-93ce89806465	[743, 998)
e94201f5-7c97-4711-8ad2-c5ef17407959	[998, 1193)
8145f54a-03db-41a6-8785-478b1d1cb4ee	[1193, 1649)
95b87fdd-bc4d-41f3-8719-8dfdeb41f612	[1649, 1678)
f88af7ed-eb19-42b3-9815-ea74d1afb10e	[1678, 2076)
2499f996-1113-4a5e-9479-3ad7ebfc18ba	[2076, 2306)
ee51bf06-d762-4669-b31e-47332e1ef269	[2306, 2569)
058df49d-09ef-4618-8e86-34ec6d105d59	[2569, 3004)
55f7082b-8890-43ff-a3d5-2012a83c529d	[3004, 3294)
a8648b4e-efeb-4583-83a2-4f80f4f00925	[3294, 3571)
9aee8fda-0d9d-4397-b5b6-00f1d74da05b	[3571, 3580)
7403ffff-bbf1-4f50-9966-960fceaa65ec	[3580, 3902)
f97c767e-79a2-4b4d-8b9b-ed0d23cc43d9	[3902, 4253)
7f20dd65-fe78-4175-8a4c-cca785700d5c	[4253, 4516)
cf1c1113-46b4-4f78-a57c-3f8465c6ec30	[4516, 4788)
00430252-4e79-4097-95e9-65b1e4f8c386	[4788, 5177)
88042ca4-9113-4c8b-8ae5-0ebad7a662e0	[5177, 5230)
8432bcdc-8121-44a2-a743-8c1feed7a574	[5230, 5429)
46edd0b3-c1a0-46c8-9c08-b0bf481056cc	[5429, 5592)
fb707c01-dd32-41cd-a322-5a6f9186add1	[5592, 5751)
517962e5-29bb-4a51-82cc-a848bf5f6164	[5751, 6009)
46eb1c3d-8405-4699-9faa-c82019407da9	[6009, 6060)
b771ba3e-4088-49e0-8e46-4a6c48004457	[6060, 6110)
36f49aa0-a22d-49cc-80a8-9fb633c53052	[6110, 6114)
578595ba-b77a-482b-9317-31317aa3c35d	[6114, 6271)
8c6c96e1-cff4-4e37-b0ad-ae6bd46fc2b7	[6271, 6336)
ede55863-d4c9-45b2-ab6f-a8cd34334022	[6336, 6344)
be8224d7-7927-43a5-9cf1-f745f7c5bd23	[6344, 6410)
4c5edfa5-46d3-4f1d-bf74-09501f65c7ba	[6410, 6423)
f34a18e5-19b3-45ba-a706-e44cafc4933b	[6423, 6433)
2d133593-1ebf-48eb-b363-3184e6655cd3	[6433, 6654)
a8d99ee2-57e8-4cc8-8da9-863610932d2e	[6654, 6674)
0ac9d99f-cc64-4c14-b539-c3c2d376206b	[6674, 6806)
59735e84-9878-4a45-82fc-fab5e3d7dee2	[6806, 6906)
ee2ac66b-13f5-4507-a768-6cfed01c9333	[6906, 6912)
706ad496-6af7-4323-ab9d-1c1e30d0587a	[6912, 6939)
cd405c64-b0d2-4d39-9464-fe1970305cf3	[6939, 6945)
43c04785-ab8b-480a-b8ba-302b1fab54e9	[6945, 6972)
e7df2bd1-f59e-4bae-8496-6cd1b3f40bf9	[6972, 7166)
2c95fbc0-8652-4e20-adf7-4bbeb694d6f4	[7166, 7207)
4d3e883a-ed54-434d-8a01-ccc6bbf53cbe	[7207, 7236)
57f9e99a-9ff3-4cf7-afef-dd6e28cea889	[7236, 7247)
64c2eebc-70fb-473a-966f-b64a4e4151c0	[7247, 7252)
630fc02a-c499-47ec-a11e-a7b088506d01	[7252, 7261)
adb5bc34-c914-4960-8ddf-921395bdac3c	[7261, 7466)
c7bce584-1837-403b-aae9-712f3db78c8c	[7466, 7570)
e8088a05-818c-4e28-b02c-379b62154b72	[7570, 7785)
bc7aa5d1-79f9-4a22-b84f-04d77cb0cc7a	[7785, 7794)
37d8c16c-104e-4488-8ead-cbc6016e6ddd	[7794, 7799)
55de63bc-00cd-4623-8b1e-4d0107b79beb	[7799, 7822)
15caf3c3-0e19-418d-bdb5-143b5b502fd0	[7822, 7841)
b7d0116a-53c3-4e27-afb2-3ab20072e7ca	[7841, 7869)
18b7fee4-e420-4b15-bf28-071782e9df91	[7869, 7894)
11f1d769-f5d5-4a43-ac21-d9a3282084fd	[7894, 7900)
68124e64-0c8e-4861-a8c2-ded02447b9c5	[7900, 7945)
ff3ab8ec-fea8-46fe-966b-32ea964c69dd	[7945, 7973)
b84e627b-8a98-44bc-97d7-a0ae149eca79	[7973, 8230)
af1f7a5b-6d95-4fcc-8fbc-02ac4e9cb4db	[8230, 8282)
705c410d-adc6-425a-84fa-e60394210a6b	[8282, 8292)
24a80ec7-6ebf-40b6-8339-3fbb586e6638	[8292, 8551)
fded7760-d1e2-4843-b715-ab61025c8bec	[8551, 8729)
4f73a27b-a83a-400f-879a-7ddf1f87cb61	[8729, 8823)
a55b7842-9a46-4595-bee1-e6e879be8eba	[8823, 9063)
28a68a11-6ea9-488a-abdf-0e44d665476d	[9063, 9093)
d43bafbb-972c-4fae-ab9b-bd6b95f65c26	[9093, 9124)
53829e3b-a587-4cf5-bddf-7966f5bddf2d	[9124, 9138)
77957704-1db0-4321-abaf-fa5baa33247e	[9138, 9143)
6e86e5c6-fc47-4bb7-9b29-fb694d805125	[9143, 9295)
9380fb62-8e65-4c3f-ba0d-5958272c458d	[9295, 9474)
ba0f899b-380b-4380-b199-8714410e21c9	[9474, 9499)
6d0a800a-f563-4a46-9025-1b9a4abf7107	[9499, 9500)
2d87d82e-b3e7-4648-acad-e5226c47c9cd	[9500, 9575)
91d5037d-b7fb-4ecf-8d3b-4169c225e02c	[9575, 9659)
a1987634-ac0a-4bab-8a70-b20765292a56	[9659, 9677)
76e20ea1-fa36-4aba-9784-36a09a68a081	[9677, 9895)
097aab29-8267-4d86-93f8-a05f25420671	[9895, 9996)
78e2b104-0af3-48cb-83d9-a36272566393	[9996, 10655)
858537eb-81e3-4f42-8e6c-5aba8c7079b5	[10655, 10671)
4e327ea6-d653-4c36-9359-0f18db24411d	[10671, 10704)
83599a48-e695-42b0-8542-2301cc08f0b6	[10704, 10869)
4d31d200-ccf2-4285-90d3-b813be73aca5	[10869, 11188)
9c2decb7-8a58-423f-a03a-09f9550c431f	[11188, 11212)
2389fa4b-49ce-4e68-90b5-6f050b1e5189	[11212, 11281)
c6e0d11b-c0dd-42ae-904e-2326e66016a4	[11281, 11605)
f8ac5f53-656d-46de-b6fa-ac3671282d51	[11605, 11611)
dbcd4bef-0624-4034-9ea1-8045b47490b7	[11611, 11633)
1525d5fd-b28b-4b11-9a01-f1a12e860da5	[11633, 11836)
2ce97507-7e91-4f67-8c1b-f6e11eab6f02	[11836, 11933)
3c0f548f-a3e3-49db-8565-89f353e9af66	[11933, 11971)
11f6f4a6-5c88-4c95-8e45-537e8c74ed36	[11971, 11992)
47612c0e-0ad2-4bad-843f-594cf287db0a	[11992, 12014)
130fe267-2733-40f1-b884-eadead95b218	[12014, 12098)
e74641af-9ef9-46a6-9214-b772f860fd39	[12098, 12156)
fc2fda06-d1da-4e23-8793-16ab1d4dcf8e	[12156, 12206)
dead539b-50e0-490b-a091-c3094bb428fa	[12206, 12264)
a2ca82a0-4e0e-4409-9ffe-47d140719dd9	[12264, 12269)
55b2921d-7ba6-4de2-a285-1c14fbd539c2	[12269, 12389)
dc7f288e-4c56-44f8-9ce8-039ee7bc7092	[12389, 12423)
ec6601dc-aa3b-4973-a191-e61a33021e13	[12423, 12540)
5d6c4dde-06b4-4eb3-8214-b54dd35dcd2c	[12540, 12574)
172ecad5-49ea-4fb6-b3ca-b49931af6160	[12574, 12610)
0557333a-47c5-4db1-bf73-e548551c24d5	[12610, 12728)
d2ea2682-0030-4157-883c-56ace4eb4491	[12728, 12757)
7c4bd529-0b3c-4baf-9896-f8255ab8bf8e	[12757, 12828)
380d1476-bd67-4ae9-9b26-0d39468ed252	[12828, 12934)
a3c79173-88c0-4de4-bf0d-c3f2bf425ecc	[12934, 12944)
a93b58f2-29ee-4cf4-a3e5-cae73ee0c06f	[12944, 12962)
2b71eeed-a8c7-4779-a004-94ee4a3d0c03	[12962, 13094)
0a9b682f-0fad-4cbe-9ef3-afba9cb2dea7	[13094, 13149)
184fbad6-a750-443a-bb4c-3ab09054b9e0	[13149, 13188)
327db2ac-d1db-478e-affc-f14451acdb47	[13188, 13204)
073b97d2-14a6-4f86-b34b-247b4cb923e2	[13204, 13210)
54631c81-e194-4f72-abd9-be2bdec6cb84	[13210, 13236)
bd5b3de8-1c54-4b63-9421-9e1bb02b9c5c	[13236, 13381)
1ee2c092-0518-4edd-82c3-c217b9e05556	[13381, 13396)
03b1d575-4275-40d9-82b2-d5a659df7e56	[13396, 13517)
c756c203-be4e-4442-b854-1774f67b2af8	[13517, 13847)
93f73249-6475-4480-9cec-af24f25b90dc	[13847, 13857)
d508c27b-073f-45bd-8fd8-950e903ead2f	[13857, 13953)
7e26bc49-23b8-4711-9d96-ddc951e855f6	[13953, 14032)
8832e847-39cb-4c66-aeae-7e843101deb5	[14032, 14502)
b31a7e33-335b-40d1-a8d3-f32f3714bf27	[14502, 14770)
7e5d2781-f48f-46c6-944f-095e24ce09a5	[14770, 14852)
cf6ec902-961f-43cd-96a5-f657315383bd	[14852, 15103)
b6ae5997-e4c5-457c-8355-72f3a95be190	[15103, 15308)
0fe36cc7-018f-4b7b-a4f9-a155a3b84a92	[15308, 15373)
0d6d8e03-d6b9-406c-9dcf-8a8f414494f7	[15373, 15504)
927a85af-e1a0-4d57-a865-6c6df04c740e	[15504, 15889)
f18e52c7-a5fe-46dc-95c5-19132aad7860	[15889, 15895)
16c97bac-b910-4c3e-afb4-649dc24cb036	[15895, 15923)
38b917e2-5479-40e5-ae38-7c207c02ef76	[15923, 16146)
e90b021b-3bf6-4a44-81df-86db5a60e9ab	[16146, 16153)
3b8113f2-d2f4-4242-a231-2b0422c75093	[16153, 16185)
316acf48-e881-44aa-a4b3-29bc6661cb3c	[16185, 16417)
e40280cc-203b-4011-9c00-ed230788ed60	[16417, 16551)
15465f07-e73a-4fa1-a888-9ff1ee86b6a6	[16551, 16632)
c94da4b2-c856-404c-9925-c38e3c35e948	[16632, 16671)
d59929cd-c0f4-484d-b40e-37c0bf8304c3	[16671, 16969)
ea0079f8-c938-4684-b852-448a01f4ccca	[16969, 16972)
283b97c9-4b74-4e3c-bce9-5bc2047553c8	[16972, 17061)
c3543fcc-51ca-4bc4-a94f-906bb9a6dc96	[17061, 17064)
dfa8d1e3-96d5-482a-9cf0-01fc874c6658	[17064, 17103)
fea4f3e3-27ca-44c5-9821-14c5384d8f6a	[17103, 17106)
501caa3b-85ce-4b7b-801f-1a920b12ae9c	[17106, 17131)
1e59a478-0a8f-4218-adec-58ca2a464c44	[17131, 17145)
10952a3b-4398-49f8-b8d4-e75b0d867917	[17145, 17388)
9d77545a-3776-4203-9721-a375adc06ef7	[17388, 17493)
ac100ccf-00e6-4a4c-a11e-6bd2a54006d3	[17493, 17652)
78694e2f-ca28-44ac-a313-93317a007976	[17652, 17913)
7adceb60-ebca-476a-84ad-c1354eb2ae16	[17913, 17933)
6590f52d-15bb-4439-8262-fdb931358a9f	[17933, 17950)
3e632c46-4581-4c0e-9262-c0adc7e3e8ee	[17950, 17991)
67b768fc-33a4-4679-94c8-87be81b9862c	[17991, 18027)
4be16896-f9fc-436d-9644-5a3204463fba	[18027, 18037)
ce4f531c-7d33-4bc7-9fd7-243813f78f4f	[18037, 18190)
f6b4dfe1-9e8e-4023-928f-787a6b60d915	[18190, 18687)
4db96773-add9-42c4-87ad-a2db2444db84	[18687, 19332)
4a93e5d2-6794-4983-a7ac-978f92bca29f	[19332, 19343)
bde0ee30-b897-4ab8-835a-881990b8b17b	[19343, 19350)
731ca8b8-1668-4fe1-94e1-0994dca04b6d	[19350, 19430)
f7264593-9bb6-4a2e-8531-a5f80e986ca1	[19430, 19500)
31b743dc-1460-4ad7-bee1-0c80642b35f3	[19500, 19904)
472183bc-9b82-486f-85b8-890b19bdd7da	[19904, 19936)
ff6dc4c2-1d36-44b1-a775-f57752d12514	[19936, 19984)
2a156680-6d3b-40ee-b1cc-4394a88b8e55	[19984, 20196)
